ML-Model,SimpleRandom,Stratified,Cluster,Systematic,Reservoir
xgboost,0.9807524059492564,0.989501312335958,0.989501312335958,0.9903762029746281,0.9921259842519685
logistic,0.9125109361329834,0.916010498687664,0.9142607174103237,0.9335083114610674,0.8976377952755905
random_forest,0.9982502187226596,0.9956255468066492,0.9991251093613298,0.9991251093613298,0.9982502187226596
svm,0.6701662292213474,0.689413823272091,0.7322834645669292,0.6754155730533683,0.6719160104986877
knn,0.9702537182852143,0.9658792650918635,0.9658792650918635,0.9693788276465442,0.9693788276465442
