ML-Model,SimpleRandom,Stratified,Cluster,Systematic,Reservoir
xgboost,0.9860017497812773,0.9956255468066492,0.9947575360419397,1.0,0.5739726027397261
logistic,0.926509186351706,0.926509186351706,0.927916120576671,0.9423328964613368,0.6707650273224044
random_forest,0.9938757655293088,0.9938757655293088,1.0,1.0,0.748107364074329
svm,0.6727909011373578,0.7007874015748031,0.6788990825688074,0.6946264744429882,0.49761417859577367
knn,0.979002624671916,0.9693788276465442,0.9803407601572739,0.9868938401048493,0.48254620123203285
