ML-Model,RandomUnderSampler,RandomOverSampler,TomekLinks,SMOTE,NearMiss
xgboost,0.6,0.9895287958115183,0.9973821989528796,0.9895287958115183,0.4
logistic,0.6,0.9267015706806283,0.9109947643979057,0.9450261780104712,0.6
random_forest,0.6,1.0,1.0,0.9869109947643979,0.2
svm,0.8,0.7513089005235603,0.7198952879581152,0.6570680628272252,0.6
knn,1.0,0.9842931937172775,0.9895287958115183,0.8167539267015707,1.0
